,folds,test_auc,test_acc
0,0,0.8928571428571428,0.9090909090909091
