,folds,test_auc,test_acc
0,0,0.5924792139077854,0.7142857142857143
