,folds,test_auc,test_acc
0,0,0.8666666666666667,0.5454545454545454
