slide_id,Y,Y_hat,p_0,p_1,p_2
007084CN__20240220_124651,0.0,0.0,0.3891463577747345,0.26751014590263367,0.34334346652030945
011984CN__20240219_115422,2.0,2.0,0.3270488977432251,0.3028689920902252,0.3700821101665497
007084CN__20240220_124158,0.0,0.0,0.38558274507522583,0.2695789039134979,0.34483838081359863
006476CN__20240214_131811,2.0,0.0,0.4232446849346161,0.24854791164398193,0.32820746302604675
013828CN__20231221_120203_(2),1.0,0.0,0.5025331974029541,0.2066691517829895,0.290797621011734
013828CN__20231221_094432_(2),0.0,0.0,0.49319350719451904,0.21186095476150513,0.29494547843933105
