,folds,test_auc,test_acc
0,0,0.39814814814814814,0.6666666666666667
